{
    "uvs":[[0,0,0.323251,0.449937,0.423429,0.081385,0.522912,0.221488,0.48229,0.730627,0.663848,0.245039,0.663848,0.745136,0.892116,0.142763,0.892117,0.934747,0.100133,0.934747,0.100132,0.142763,0.689961,0.781842,0.479118,1.11669,0.460385,0.751181,0.689961,0.404989,0.582909,0.370789,0.233316,0.926366,0.244881,0.674459,0.556594,0.302947,0.289056,0.478393,0.582909,0.130654,0.266176,0.372385,0.50565,0.067888,0.153082,0.252132,0.398985,-0.073634]],
    "faces":[43,1,3,21,20,0,0,0,0,0,0,0,0,0,43,6,8,32,30,0,0,0,0,0,1,1,1,1,43,8,10,34,32,0,0,0,0,0,2,2,2,2,43,10,11,35,34,0,0,0,0,0,3,3,3,3,43,5,3,27,29,0,0,0,0,0,4,4,4,4,43,11,10,22,23,0,0,0,0,0,5,5,5,5,43,13,12,14,15,0,1,2,3,4,6,6,6,6,43,15,14,16,17,0,4,3,5,6,7,7,7,7,43,19,20,21,18,0,7,8,9,10,8,8,8,8,43,23,22,24,25,0,11,12,13,14,9,9,9,9,43,2,0,19,18,0,0,0,0,0,10,10,10,10,43,13,11,23,25,0,0,0,0,0,11,11,11,11,43,12,13,25,24,0,0,0,0,0,12,12,12,12,43,3,2,18,21,0,0,0,0,0,13,13,13,13,43,0,1,20,19,0,0,0,0,0,14,14,14,14,43,10,12,24,22,0,0,0,0,0,15,15,15,15,43,27,26,28,29,0,15,16,17,18,16,16,16,16,43,29,28,30,31,0,18,17,19,20,17,17,17,17,43,31,30,32,33,0,20,19,21,22,18,18,18,18,43,33,32,34,35,0,22,21,23,24,19,19,19,19,43,4,6,30,28,0,0,0,0,0,20,20,20,20,43,11,9,33,35,0,0,0,0,0,21,21,21,21,43,1,4,28,26,0,0,0,0,0,22,22,22,22,43,9,7,31,33,0,0,0,0,0,23,23,23,23,43,3,1,26,27,0,0,0,0,0,10,10,10,10,43,7,5,29,31,0,0,0,0,0,24,24,24,24],
    "metadata":{
        "uvs":1,
        "type":"Geometry",
        "normals":25,
        "version":3,
        "faces":26,
        "generator":"io_three",
        "vertices":36,
        "materials":1
    },
    "normals":[1,0,0,0.271113,0,0.962547,0.123403,0,0.992357,0.920264,0,-0.391297,-0.218603,0,-0.975814,-0.920264,0,0.391297,-0,1,-1e-06,-0,1,-0,0,1,-0,-0,1,-1e-06,-1,-0,0,-0.441121,0,-0.897448,0.879446,0,-0.475998,0,-0,-1,0,0,1,0.40449,0,0.914543,-0,1,-0,-1e-06,1,-0,0,1,-1e-06,-0,1,-1e-06,0.547229,0,0.836983,-0.147498,0,-0.989062,0.398557,0,0.917143,-0.095275,0,-0.995451,-0.478701,0,-0.877978],
    "vertices":[-1311.81,-8.78409,-707.194,-346.654,-8.78409,-707.194,-1311.81,-8.7841,-855.323,-346.654,-8.7841,-855.323,-210.602,-8.78404,-766.317,-282.765,-8.78409,-869.636,-137.275,-8.78399,-814.259,-206.752,-8.78408,-911.08,-54.3318,-8.78402,-837.621,-98.6541,-8.78411,-921.427,120.437,-8.78404,-859.354,82.5532,-8.78413,-948.45,314.788,-8.78404,-945.313,264.646,-8.78413,-1037.95,431.754,-8.78406,-978.815,459.16,-8.78411,-1105.58,574.239,-8.78406,-982.898,640.613,-8.78408,-1106.91,-1311.81,3.65233,-855.323,-1311.81,3.65233,-707.194,-346.654,3.65233,-707.194,-346.654,3.65233,-855.323,120.437,3.65239,-859.354,82.5532,3.65229,-948.45,314.788,3.65238,-945.313,264.646,3.65229,-1037.95,-346.654,2.21626,-707.194,-346.654,2.21625,-855.323,-210.602,2.2163,-766.317,-282.765,2.21626,-869.636,-137.275,2.21635,-814.259,-206.752,2.21627,-911.08,-54.3318,2.21633,-837.621,-98.6541,2.21624,-921.427,120.437,2.21631,-859.354,82.5532,2.21622,-948.45],
    "materials":[{
        "DbgIndex":0,
        "doubleSided":true,
        "mapDiffuseAnisotropy":1,
        "DbgName":"Material.004",
        "depthTest":false,
        "transparent":false,
        "blending":1,
        "shading":"basic",
        "mapDiffuseRepeat":[1,1],
        "colorEmissive":[0,0,0],
        "wireframe":false,
        "depthWrite":true,
        "mapDiffuseWrap":["repeat","repeat"],
        "colorDiffuse":[0.8,0.8,0.8],
        "DbgColor":15658734,
        "opacity":1,
        "visible":true,
        "mapDiffuse":"."
    }]
}