{
    "vertices":[-302.478,0.021216,236.888,-302.478,0.021196,-236.888,259.119,0.021216,236.888,259.119,0.021196,-236.888,-1.98114,0.021208,53.8798,-2.08415,0.02121,86.4447,29.1504,0.02121,86.6633,29.381,0.021208,53.7176,31.8013,0.021208,34.7991,31.3311,0.021206,8.27538,-2.7435,0.021206,8.81416,-2.7437,0.021208,36.1584,31.8013,0.021208,35.886,-2.74279,0.021206,3.79052,31.2572,0.021206,3.78985],
    "normals":[0,1,-0,-0,1,-0,0,1,-0,0,1,-0,-0,1,-0,0,1,-0,-0,1,-0,0,1,-0,-0,1,-0,-0,1,-0,0,1,-0,-0,1,-0,0,1,-0,-0,1,-0,-0,1,-0,0,1,-0,0,1,-0],
    "metadata":{
        "type":"Geometry",
        "materials":1,
        "generator":"io_three",
        "vertices":15,
        "normals":17,
        "version":3,
        "uvs":1,
        "faces":17
    },
    "materials":[{
         "mapDiffuse":"terreno.png",
        "mapDiffuseRepeat":[100,100],
        "DbgColor":15658734,
        "wireframe":false,
        "colorDiffuse":[0.64,0.64,0.64],
        "opacity":1,
        "transparent":false,
        "DbgIndex":0,
        "colorEmissive":[0,0,0],
        "doubleSided":false,
        "visible":true,
        "specularCoef":50,
        "shading":"phong",
        "colorSpecular":[0.5,0.5,0.5],
        "DbgName":"Material.001",
        "depthTest":true,
        "blending":1,
        "depthWrite":true
    }],
    "uvs":[[0,1,0,0,0.386618,0.409079,0.31708,0.40949,0.317541,0.465108,0.386276,0.464924,0.482533,0.405607,0.426549,0.40477,0.424255,0.40477,0.423681,0.466282,0.481396,0.466282,0.491999,0.46628,0.492001,0.405739,1,0,1,1]],
    "faces":[42,5,0,2,0,4,0,1,0,0,0,42,2,7,6,0,1,2,3,1,1,1,42,2,6,5,0,1,3,4,2,2,2,42,2,9,8,0,1,6,7,3,3,3,42,2,8,12,0,1,7,8,4,4,4,42,7,2,12,0,2,1,8,5,5,5,42,11,10,0,0,9,10,0,6,6,6,42,7,12,11,0,2,8,9,7,7,7,42,0,5,4,0,0,4,5,8,8,8,42,4,7,11,0,5,2,9,9,9,9,42,4,11,0,0,5,9,0,10,10,10,42,1,0,10,0,14,0,10,11,11,11,42,1,10,13,0,14,10,11,12,12,12,42,9,2,3,0,6,1,13,13,13,13,42,1,13,14,0,14,11,12,14,14,14,42,14,9,3,0,12,6,13,15,15,15,42,14,3,1,0,12,13,14,16,16,16]
}