{
    "metadata":{
        "materials":1,
        "generator":"io_three",
        "version":3,
        "type":"Geometry",
        "faces":1,
        "vertices":12,
        "normals":1,
        "uvs":1
    },
    "faces":[43,1,0,2,3,0,2,3,0,1,0,0,0,0],
    "uvs":[[0,0.002136,1,0,1,1,0,1]],
    "materials":[{
        "depthWrite":true,
        "wireframe":false,
        "transparent":false,
        "DbgColor":15658734,
        "mapDiffuseAnisotropy":1,
        "DbgIndex":0,
        "colorEmissive":[0,0,0],
        "blending":1,
        "mapDiffuseWrap":["repeat","repeat"],
        "depthTest":true,
        "DbgName":"Material.001",
        "mapDiffuse":"terreno3.jpg",
        "visible":true,
        "mapDiffuseRepeat":[1,1],
        "doubleSided":false,
        "opacity":1,
        "colorDiffuse":[0.84,0.84,0.84],
        "shading":"basic"
    }],
    "normals":[0,-1,0],
    "vertices":[3213.04,1.42049,3211.31,3213.04,1.42021,-3189.37,-3201.38,1.42049,3211.31,-3215.11,1.42021,-3189.37,205.879,1.42039,978.134,205.879,1.42038,584.765,-172.462,1.42038,584.765,-172.462,1.42039,978.134,-183.954,1.42037,373.496,226.213,1.42037,373.493,226.21,1.42035,-3.07673,-184.837,1.42035,-3.07759]
}