{
    "normals":[0,1,-0,0,1,-0,0,1,-0,-0,1,-0,-0,1,-0,-0,1,-0,0,1,-0,0,1,-0,0,0,0,0,1,-0,-0,1,-0,-0,1,-0,0,1,-0,0,1,-0,-0,1,-0,-0,1,-0,0,1,-0],
    "materials":[{
         "mapDiffuse":"Grass0157_1_S.jpg",
        "mapDiffuseRepeat":[100,100],
        "transparent":false,
        "mapDiffuse":"seamless_tileable_grass_texture_by_demolitiondan-d4u41a9.jpg",
        "wireframe":false,
        "DbgName":"Material.010",
        "shading":"basic",
        "opacity":1,
        "DbgIndex":0,
        "colorDiffuse":[0.64,0.64,0.64],
        "doubleSided":false,
        "mapDiffuseRepeat":[1,1],
        "depthTest":true,
        "DbgColor":15658734,
        "mapDiffuseWrap":["repeat","repeat"],
        "mapDiffuseAnisotropy":1,
        "blending":1,
        "visible":true,
        "colorEmissive":[0,0,0],
        "depthWrite":true
    }],
    "vertices":[-16.3488,-3.51867,35.148,17.9786,-3.51867,35.148,17.9786,-3.51867,4.39645,-16.5275,-3.51867,4.21775,-15.289,-3.51867,86.0021,15.9144,-3.51867,85.693,15.6532,-3.51867,53.5995,15.6532,-3.51867,53.5995,-15.2886,-3.51867,53.2537,615.196,-3.51865,470.62,-601.661,-3.51865,556.934,-720.529,-3.51869,-430.341,-726.982,-3.51865,556.934,615.196,-3.51869,-430.341,615.196,-3.51865,556.934],
    "faces":[42,2,9,13,0,1,2,3,0,0,0,42,11,12,10,0,4,5,6,1,1,1,42,3,2,13,0,0,1,3,2,2,2,42,11,10,3,0,4,6,0,3,3,3,42,3,13,11,0,0,3,4,4,4,4,42,0,4,8,0,7,8,9,5,5,5,42,8,7,1,0,9,10,11,6,6,6,42,0,8,1,0,7,9,11,7,7,7,42,7,8,6,0,12,12,12,8,8,8,43,6,5,1,7,0,10,13,11,10,9,9,9,9,42,10,14,9,0,6,14,2,10,10,10,42,9,2,1,0,2,1,11,11,11,11,42,9,1,5,0,2,11,13,12,12,12,42,0,3,10,0,7,0,6,13,13,13,42,9,5,4,0,2,13,8,14,14,14,42,4,0,10,0,8,7,6,15,15,15,42,10,9,4,0,6,2,8,16,16,16],
    "uvs":[[0.45048,0.423331,0.454949,0.423308,0.532298,0.363235,0.532298,0.479323,0.3593,0.479323,0.358464,0.352114,0.374695,0.352114,0.450503,0.419345,0.45064,0.412793,0.45064,0.417012,0.454648,0.416968,0.454949,0.419345,0,0,0.454682,0.412833,0.532298,0.352114]],
    "metadata":{
        "materials":1,
        "vertices":15,
        "faces":17,
        "normals":17,
        "generator":"io_three",
        "uvs":1,
        "version":3,
        "type":"Geometry"
    }
}