{
    "metadata":{
        "generator":"io_three",
        "materials":1,
        "type":"Geometry",
        "version":3,
        "faces":32,
        "normals":24,
        "uvs":1,
        "vertices":48
    },
    "normals":[0,1,-0,0,1,-0,0,1,-0,0,1,-0,5e-06,0,1,-1,0,0,-5e-06,0,-1,1,0,0,0,-1,0,0,1,0,5e-06,0,1,-1,0,1.3e-05,-5e-06,0,-1,1,0,-7e-06,0,-1,0,6e-06,0,-1,9e-06,0,1,0,-1,0,0,1,-0,-0,0,-1,1,0,0,8e-06,0,1,0,-1,0,-0,1,-0],
    "materials":[{
        "specularCoef":50,
        "colorDiffuse":[0.64,0.64,0.64],
        "colorEmissive":[0,0,0],
        "colorSpecular":[0.5,0.5,0.5],
        "DbgColor":15658734,
        "visible":true,
        "DbgIndex":0,
        "DbgName":"Material.001",
        "opacity":1,
        "blending":1,
        "shading":"phong",
        "transparent":false,
        "doubleSided":false,
        "depthTest":true,
        "depthWrite":true,
        "wireframe":false
    }],
    "uvs":[[0.849658,0.134989,0.849657,3.7e-05,0.999963,3.7e-05,0.999963,0.134989,0.849632,0.270105,0.849632,0.135163,0.999927,0.135163,0.999927,0.270105,9.1e-05,9.1e-05,0.999909,9.1e-05,0.999909,0.205945,9.1e-05,0.205945,9.1e-05,0.206126,0.999909,0.206126,0.999909,0.41198,9.1e-05,0.41198,7.3e-05,0.270105,7.3e-05,0.135163,0.150368,0.135163,0.150368,0.270105,3.7e-05,0.134989,3.7e-05,3.7e-05,0.150342,3.7e-05,0.150342,0.134989,0,0]],
    "vertices":[-223.321,0.021214,177.579,179.962,0.021214,177.579,-223.321,0.021198,-177.579,179.962,0.021198,-177.579,-168.894,0.021214,177.579,125.534,0.021214,177.579,125.534,0.021198,-177.579,-168.894,0.021198,-177.579,-223.321,0.021201,-124.193,-223.321,0.021211,124.193,179.962,0.021211,124.193,179.962,0.021201,-124.193,-168.894,0.021211,124.193,-168.894,0.021201,-124.193,125.534,0.021211,124.193,125.534,0.021201,-124.193,119.595,0.093872,-106.811,119.595,2.07096,-106.811,-143.289,0.093872,-106.81,-143.289,2.07096,-106.81,119.595,0.093872,-109.161,119.595,2.07096,-109.161,-143.289,0.093872,-109.16,-143.289,2.07096,-109.16,119.595,0.093882,104.842,119.595,2.07097,104.842,-143.289,0.093882,104.843,-143.289,2.07097,104.843,119.595,0.093882,102.562,119.595,2.07097,102.562,-143.289,0.093882,102.563,-143.289,2.07097,102.563,-145.19,0.093882,106.623,-145.19,2.07097,106.623,-145.19,0.093872,-110.906,-145.19,2.07096,-110.906,-142.676,0.093882,106.623,-142.676,2.07097,106.623,-142.676,0.093872,-110.906,-142.676,2.07096,-110.906,115.215,0.093882,106.623,115.215,2.07097,106.623,115.215,0.093872,-110.906,115.215,2.07096,-110.906,118.266,0.093882,106.623,118.266,2.07097,106.623,118.266,0.093872,-110.906,118.266,2.07096,-110.906],
    "faces":[43,15,11,3,6,0,0,1,2,3,0,0,0,0,43,8,13,7,2,0,4,5,6,7,1,1,1,1,43,13,15,6,7,0,8,9,10,11,0,0,0,0,43,4,5,14,12,0,12,13,14,15,0,0,0,0,43,0,4,12,9,0,16,17,18,19,1,1,1,1,43,9,12,13,8,0,19,18,5,4,2,2,2,2,43,5,1,10,14,0,20,21,22,23,0,0,0,0,43,14,10,11,15,0,23,22,1,0,3,3,3,3,43,16,17,19,18,0,24,24,24,24,4,4,4,4,43,18,19,23,22,0,24,24,24,24,5,5,5,5,43,22,23,21,20,0,24,24,24,24,6,6,6,6,43,20,21,17,16,0,24,24,24,24,7,7,7,7,43,18,22,20,16,0,24,24,24,24,8,8,8,8,43,23,19,17,21,0,24,24,24,24,9,9,9,9,43,24,25,27,26,0,24,24,24,24,10,10,10,10,43,26,27,31,30,0,24,24,24,24,11,11,11,11,43,30,31,29,28,0,24,24,24,24,12,12,12,12,43,28,29,25,24,0,24,24,24,24,13,13,13,13,43,26,30,28,24,0,24,24,24,24,14,14,14,14,43,31,27,25,29,0,24,24,24,24,9,9,9,9,43,32,33,35,34,0,24,24,24,24,5,5,5,5,43,34,35,39,38,0,24,24,24,24,15,15,15,15,43,38,39,37,36,0,24,24,24,24,7,7,7,7,43,36,37,33,32,0,24,24,24,24,16,16,16,16,43,34,38,36,32,0,24,24,24,24,17,17,17,17,43,39,35,33,37,0,24,24,24,24,18,18,18,18,43,40,41,43,42,0,24,24,24,24,5,5,5,5,43,42,43,47,46,0,24,24,24,24,19,19,19,19,43,46,47,45,44,0,24,24,24,24,20,20,20,20,43,44,45,41,40,0,24,24,24,24,21,21,21,21,43,42,46,44,40,0,24,24,24,24,22,22,22,22,43,47,43,41,45,0,24,24,24,24,23,23,23,23]
}