{
    "vertices":[-223.321,0.021214,177.579,179.962,0.021214,177.579,-223.321,0.021198,-177.579,179.962,0.021198,-177.579,-168.894,0.021214,177.579,125.534,0.021214,177.579,125.534,0.021198,-177.579,-168.894,0.021198,-177.579,-223.321,0.021201,-124.193,-223.321,0.021211,124.193,179.962,0.021211,124.193,179.962,0.021201,-124.193,-168.894,0.021211,124.193,-168.894,0.021201,-124.193,125.534,0.021211,124.193,125.534,0.021201,-124.193,128.072,-13.2618,117.976,128.072,5.32838,117.976,-131.572,-13.2618,117.883,-131.572,5.32836,117.883,128.078,-13.2618,102.912,128.078,5.32838,102.912,-131.566,-13.2618,102.819,-131.566,5.32836,102.819,-140.494,-13.2617,117.293,-140.494,5.32842,117.293,-140.496,-13.2616,-125.818,-140.496,5.32851,-125.818,-125.076,-13.2617,117.293,-125.076,5.32842,117.293,-125.079,-13.2616,-125.818,-125.079,5.3285,-125.818,128.07,-13.2617,-109.431,128.07,5.32846,-109.431,-131.574,-13.2617,-109.524,-131.574,5.32845,-109.524,128.076,-13.2617,-124.495,128.076,5.32846,-124.495,-131.568,-13.2617,-124.588,-131.568,5.32844,-124.588,122.56,-13.2618,117.295,122.56,5.32832,117.295,122.558,-13.2617,-125.816,122.558,5.32841,-125.816,137.978,-13.2618,117.295,137.978,5.32831,117.295,137.975,-13.2617,-125.816,137.975,5.3284,-125.816,-168.894,0.021211,124.193,-168.894,0.021201,-124.193,125.534,0.021211,124.193,125.534,0.021201,-124.193],
    "metadata":{
        "version":3,
        "vertices":52,
        "materials":3,
        "type":"Geometry",
        "normals":28,
        "generator":"io_three",
        "uvs":1,
        "faces":33
    },
    "uvs":[[0.849658,0.134989,0.849657,3.7e-05,0.999963,3.7e-05,0.999963,0.134989,0.849632,0.270105,0.849632,0.135163,0.999927,0.135163,0.999927,0.270105,9.1e-05,9.1e-05,0.999909,9.1e-05,0.999909,0.205945,9.1e-05,0.205945,9.1e-05,0.206126,0.999909,0.206126,0.999909,0.41198,9.1e-05,0.41198,7.3e-05,0.270105,7.3e-05,0.135163,0.150368,0.135163,0.150368,0.270105,3.7e-05,0.134989,3.7e-05,3.7e-05,0.150342,3.7e-05,0.150342,0.134989,0,0,1,0,1,1,0,1,0.999942,1,0,0.999978,5.5e-05,0,1,2.2e-05,0.000428,9.8e-05,0.999902,0.000443,0.999572,0.957875,9.8e-05,0.95753]],
    "materials":[{
        "mapDiffuse":"Grass0157_1_S.jpg",
        "mapDiffuseRepeat":[50,50],
        "colorDiffuse":[0.85,0.85,0.85],
        "DbgColor":15658734,
        "colorSpecular":[0.5,0.5,0.5],
        "depthWrite":true,
        "wireframe":false,
        "shading":"phong",
        "depthTest":true,
        "colorEmissive":[0,0,0],
        "transparent":false,
        "DbgIndex":0,
        "specularCoef":50,
        "blending":1,
        "DbgName":"Material.001",
        "doubleSided":false,
        "opacity":1,
        "visible":true
    },{
          "mapDiffuse":"BrickMessy0175_5_S.jpg",
        "mapDiffuseRepeat":[1,1],
       
        "colorDiffuse":[0.64,0.64,0.64],
        "DbgColor":15597568,
        "colorSpecular":[0.5,0.5,0.5],
        "depthWrite":true,
        "wireframe":false,
        "shading":"phong",
        "depthTest":true,
        "colorEmissive":[0,0,0],
        "transparent":false,
        "DbgIndex":1,
        "specularCoef":50,
        "blending":1,
        "DbgName":"Material.006",
        "doubleSided":false,
        "opacity":1,
        "visible":true
    },{
           "mapDiffuse":"Grass0157_1_S.jpg",
        "mapDiffuseRepeat":[100,100],

        "colorDiffuse":[0.64,0.64,0.64],
        "DbgColor":60928,
        "colorSpecular":[0.5,0.5,0.5],
        "depthWrite":true,
        "wireframe":false,
        "shading":"phong",
        "depthTest":true,
        "colorEmissive":[0,0,0],
        "transparent":false,
        "DbgIndex":2,
        "specularCoef":50,
        "blending":1,
        "DbgName":"Material.008",
        "doubleSided":false,
        "opacity":1,
        "visible":true
    }],
    "normals":[0,1,-0,0,1,-0,0,1,-0,0,1,-0,-0.000358,0,1,-1,0,-0.000358,0.000358,0,-1,1,0,0.000359,0,-1,0,-0,1,-0,-1,0,9e-06,7e-06,0,-1,1,-0,-8e-06,-8e-06,0,1,-0,-1,-0,0,1,0,-0.000358,0,1,-1,0,-0.000359,0.000358,0,-1,1,0,0.000361,0,-1,0,-0,1,-0,-1,0,8e-06,8e-06,0,-1,1,0,-8e-06,-9e-06,0,1,-0,-1,-0,0,1,0],
    "faces":[43,15,11,3,6,0,0,1,2,3,0,0,0,0,43,8,13,7,2,0,4,5,6,7,1,1,1,1,43,13,15,6,7,0,8,9,10,11,0,0,0,0,43,4,5,14,12,0,12,13,14,15,0,0,0,0,43,0,4,12,9,0,16,17,18,19,1,1,1,1,43,9,12,13,8,0,19,18,5,4,2,2,2,2,43,5,1,10,14,0,20,21,22,23,0,0,0,0,43,14,10,11,15,0,23,22,1,0,3,3,3,3,43,16,17,19,18,1,24,25,26,27,4,4,4,4,43,18,19,23,22,1,24,25,26,27,5,5,5,5,43,22,23,21,20,1,24,25,26,27,6,6,6,6,43,20,21,17,16,1,24,25,26,27,7,7,7,7,43,18,22,20,16,1,24,25,26,27,8,8,8,8,43,23,19,17,21,1,24,25,26,27,9,9,9,9,43,24,25,27,26,1,24,25,26,27,10,10,10,10,43,26,27,31,30,1,24,25,26,27,11,11,11,11,43,30,31,29,28,1,24,25,26,27,12,12,12,12,43,28,29,25,24,1,24,25,26,27,13,13,13,13,43,26,30,28,24,1,24,25,26,27,14,14,14,14,43,31,27,25,29,1,24,25,26,27,15,15,15,15,43,32,33,35,34,1,24,25,26,27,16,16,16,16,43,34,35,39,38,1,24,25,26,27,17,17,17,17,43,38,39,37,36,1,24,25,26,27,18,18,18,18,43,36,37,33,32,1,24,25,26,27,19,19,19,19,43,34,38,36,32,1,24,25,26,27,20,20,20,20,43,39,35,33,37,1,24,25,26,27,21,21,21,21,43,40,41,43,42,1,24,25,26,27,22,22,22,22,43,42,43,47,46,1,24,25,26,27,23,23,23,23,43,46,47,45,44,1,24,25,26,27,24,24,24,24,43,44,45,41,40,1,24,25,26,27,25,25,25,25,43,42,46,44,40,1,24,25,26,27,26,26,26,26,43,47,43,41,45,1,28,29,30,31,27,27,27,27,43,48,50,51,49,2,32,33,34,35,2,2,2,2]
}