{
    "normals":[0,-1,0,-0,-1,0,-0,-1,0,0,-1,0,-0,-1,0,-0,-1,0,0,-1,0,0,-1,0,0,-1,0,-0,-1,0,0,-1,0,0,-1,0,-0,-1,0,0,-1,0],
    "uvs":[[0,0,1,0,1,1,0.52246,0.524037,0.52246,0.481019,0.475504,0.481019,0,1,0.476917,0.548172,0.476917,0.593108,0.520137,0.593108,0.475604,0.524037,0.520137,0.548172]],
    "metadata":{
        "type":"Geometry",
        "materials":1,
        "generator":"io_three",
        "version":3,
        "vertices":12,
        "uvs":1,
        "normals":14,
        "faces":14
    },
    "materials":[{
        "depthTest":true,
        "wireframe":false,
        "colorDiffuse":[0.94,0.94,0.94],
        "doubleSided":false,
        "colorEmissive":[0,0,0],
        "opacity":1,
        "shading":"basic",
        "depthWrite":true,
        "mapDiffuseWrap":["repeat","repeat"],
        "DbgIndex":0,
        "mapDiffuse":"terreno2.jpg",
        "DbgColor":15658734,
        "mapDiffuseAnisotropy":1,
        "mapDiffuseRepeat":[1,1],
        "visible":true,
        "transparent":false,
        "DbgName":"Material.001",
        "blending":1
    }],
    "vertices":[-4347.31,1.42055,4539.99,4406.51,1.42055,4539.99,-4347.31,1.42017,-4213.84,4406.51,1.42017,-4213.84,205.879,1.42039,978.134,205.879,1.42038,584.765,-172.462,1.42038,584.765,-172.462,1.42039,978.134,-183.954,1.42037,373.496,226.213,1.42037,373.493,226.21,1.42035,-3.07673,-184.837,1.42035,-3.07759],
    "faces":[42,11,2,3,0,5,0,1,0,0,0,42,3,1,9,0,1,2,3,1,1,1,42,10,11,3,0,4,5,1,2,2,2,42,3,9,10,0,1,3,4,3,3,3,42,0,6,7,0,6,7,8,4,4,4,42,7,4,1,0,8,9,2,5,5,5,42,0,7,1,0,6,8,2,6,6,6,42,9,1,4,0,3,2,9,7,7,7,42,9,4,5,0,3,9,11,8,8,8,42,2,11,8,0,0,5,10,9,9,9,42,8,9,5,0,10,3,11,10,10,10,42,6,0,2,0,7,6,0,11,11,11,42,8,5,6,0,10,11,7,12,12,12,42,8,6,2,0,10,7,0,13,13,13]
}