{
    "materials":[{
        "shading":"phong",
        "opacity":1,
        "DbgColor":15658734,
        "DbgIndex":0,
        "transparent":false,
        "colorEmissive":[0,0,0],
        "blending":1,
        "wireframe":false,
        "depthWrite":true,
        "colorSpecular":[0.5,0.5,0.5],
        "colorDiffuse":[0.00452,0,0.64],
        "doubleSided":false,
        "visible":true,
        "DbgName":"Material.004",
        "depthTest":true,
        "specularCoef":50
    },{
        "shading":"phong",
        "opacity":1,
        "DbgColor":15597568,
        "DbgIndex":1,
        "transparent":false,
        "colorEmissive":[0,0,0],
        "blending":1,
        "wireframe":false,
        "depthWrite":true,
        "colorSpecular":[0.5,0.5,0.5],
        "colorDiffuse":[0.565455,0.528774,0.64],
        "doubleSided":false,
        "visible":true,
        "DbgName":"Material.003",
        "depthTest":true,
        "specularCoef":50
    }],
    "faces":[35,0,1,3,2,0,0,0,0,0,35,2,3,7,6,0,1,1,1,1,35,6,7,5,4,0,2,2,2,2,35,1,0,4,5,0,3,3,3,3,35,4,0,2,6,0,4,4,4,4,35,7,3,1,5,0,5,5,5,5,35,8,9,11,10,0,0,0,0,0,35,10,11,15,14,0,1,1,1,1,35,14,15,13,12,0,2,2,2,2,35,12,13,9,8,0,6,6,6,6,35,10,14,12,8,0,7,7,7,7,35,15,11,9,13,0,8,8,8,8,34,17,22,21,1,9,9,9,34,21,27,26,1,10,10,10,34,25,24,20,1,10,10,10,34,17,21,26,1,11,11,11,34,25,20,16,1,12,12,12,34,17,26,25,1,13,13,13,34,16,17,25,1,14,14,14,34,22,17,19,1,15,15,15,34,19,18,16,1,16,16,16,34,16,20,23,1,17,17,17,34,23,22,19,1,18,18,18,34,23,19,16,1,19,19,19,34,21,20,24,1,20,20,20,34,27,28,21,1,21,21,21,34,24,27,21,1,10,10,10,34,28,27,21,1,21,21,21],
    "metadata":{
        "materials":2,
        "faces":28,
        "uvs":0,
        "version":3,
        "type":"Geometry",
        "generator":"io_three",
        "vertices":29,
        "normals":22
    },
    "uvs":[],
    "vertices":[-1.72069,-15.8772,85.856,-1.72069,1.23687,85.856,-1.72069,-15.8772,53.1533,-1.72069,1.23687,53.1533,28.8389,-15.8772,85.856,28.8389,1.23687,85.856,28.8389,-15.8772,53.1533,28.8389,1.23687,53.1533,-3.14907,-15.8772,35.0071,-3.14907,1.23687,35.0071,-3.14907,-15.8772,3.99937,-3.14907,1.23687,3.99937,31.0829,-15.8772,35.0071,31.0829,1.23687,35.0071,31.0829,-15.8772,3.99937,31.0829,1.23687,3.99937,-3503.89,-124.352,3291.68,4276.9,-124.352,3291.68,-3503.89,-124.352,-4489.11,4276.9,-124.352,-4489.11,-3.00324,-124.352,35.0111,31.2145,-124.352,35.0111,31.2145,-124.352,4.10976,-3.00324,-124.352,3.95908,-1.76717,-124.352,53.2036,-1.64153,-124.352,85.738,28.7573,-124.352,85.738,28.7825,-124.352,53.0973,28.7825,-124.352,53.0973],
    "normals":[-1,0,0,-0,0,-1,1,0,0,0,0,1,0,-1,0,0,1,-0,-0,0,1,0,-1,0,0,1,-0,-0,1,0,0,1,0,-0,1,-0,0,1,-0,0,1,-0,0,1,-0,0,1,-0,0,1,-0,0,1,-0,0,1,-0,-0,1,-0,-0,1,0,0,0,0]
}