{
    "normals":[0,1,-0,0,1,-0,0,1,-0,-0,1,-0,-0,1,-0,-0,1,-0,0,1,-0,0,1,-0,0,0,0,-0,1,-0,-0,1,-0,-0,1,-0,0,1,-0,0,1,-0,-0,1,-0,-0,1,-0,0,1,-0],
    "materials":[{
         "mapDiffuse":"Grass0157_1_S.jpg",
        "mapDiffuseRepeat":[100,100],
        "transparent":false,
        "wireframe":false,
        "DbgName":"Material.013",
        "shading":"phong",
        "opacity":1,
        "DbgIndex":0,
        "colorDiffuse":[0.64,0.64,0.64],
        "doubleSided":false,
        "depthTest":true,
        "colorSpecular":[0.5,0.5,0.5],
        "DbgColor":15658734,
        "specularCoef":50,
        "blending":1,
        "visible":true,
        "colorEmissive":[0,0,0],
        "depthWrite":true
    }],
    "vertices":[3710.93,-255.501,-230.169,6216.11,-255.501,-230.169,6216.11,-255.501,-2474.39,3697.89,-255.501,-2487.43,3788.28,-255.501,3481.11,6065.47,-255.501,3458.55,6046.41,-255.501,1116.4,6046.41,-255.501,1116.4,3788.3,-255.501,1091.17,49800.4,-255.5,31550.1,-39004.6,-255.5,37849.3,-47679.4,-255.503,-34201.1,-48150.4,-255.5,37849.2,49800.4,-255.503,-34201.1,49800.4,-255.5,37849.2],
    "faces":[42,2,9,13,0,1,2,3,0,0,0,42,11,12,10,0,4,5,6,1,1,1,42,3,2,13,0,0,1,3,2,2,2,42,11,10,3,0,4,6,0,3,3,3,42,3,13,11,0,0,3,4,4,4,4,42,0,4,8,0,7,8,9,5,5,5,42,8,7,1,0,9,10,11,6,6,6,42,0,8,1,0,7,9,11,7,7,7,42,7,8,6,0,12,12,12,8,8,8,43,6,5,1,7,0,10,13,11,10,9,9,9,9,42,10,14,9,0,6,14,2,10,10,10,42,9,2,1,0,2,1,11,11,11,11,42,9,1,5,0,2,11,13,12,12,12,42,0,3,10,0,7,0,6,13,13,13,42,9,5,4,0,2,13,8,14,14,14,42,4,0,10,0,8,7,6,15,15,15,42,10,9,4,0,6,2,8,16,16,16],
    "uvs":[[0.55984,0.47067,0.559659,0.444961,0.087426,0,1,0,1,0.995192,0,1,0,0.906629,0.528511,0.470537,0.477002,0.469748,0.510172,0.469747,0.509822,0.446694,0.528511,0.444961,0,0,0.477315,0.446499,0,0]],
    "metadata":{
        "materials":1,
        "vertices":15,
        "faces":17,
        "normals":17,
        "generator":"io_three",
        "uvs":1,
        "version":3,
        "type":"Geometry"
    }
}