{
    "uvs":[[0,0,0.999595,0.042454,0.953712,0.042675,0.953977,0,0.999595,0,1,0.083175,0.953712,0.082793,0.9541,0.043102,1,0.042675,0.953712,0.839253,0.953707,1,0.011201,0.999321,0.834745,0.003298,0.953712,0.003797,1,0,0.010521,0.109712,0,0.821066,0.999999,1,0,1,1,1,0.123465,0,0,0.441947,0.999999,0.425747,0.072401,0,0,0.665325,1,1,1,0.434959,0.998999,0.001001,0.998999,0.998999,0.001001,0.998999,0.001001,0.001001,1,0.30983,0.135968,0,0,0.636132,0.006478,0,0,0.800539,0.999994,1,1,0.241148,0.206405,0,0,0.812107,0.999998,0.170511,0.999999,0.403427,0.01367,0,0,0.543666,0,0.60256,0.999999,1,1,0.263836,0.274788,0,0.119667,1,1,0.940289,0,0.095389,1,0.256023,0.18527,0,0,0.566786,0.999999,1,0,0.367737,0.062011,1,1,0.501424,0,0.596077,1,0.354667,0.119586,0,0,0.194823,0.256761,1,1,0.885087,0.135346,1,1,0.684582,0.999999,0,0,0.40086,0.160403,1,1,0.710014,0.999999,0,0,0.245212,0,0.597454,1,0.280233,0.229767,0,0.999998,1,1,0.024121,2e-06,0,0,0.975879,0.999997,0.127634,3e-06,0.872365,1,0.518199,0.031774,0,0,0.707202,0.200197,1,1,0.851833,0,0.350078,0.034484,1,0.999999,0.613975,0,0.357346,0,0.523883,0.239086,1,1,0.562446,0.281435,1,0.999998,0.712459,0,0.361295,1,0.776779,2e-06,0.22322,1,0.859571,0,0.140428,1,0.08859,0,0,0,0.91141,0,0.859572,1,0.140429,1,0.824793,1e-06,1,0,0.175207,1,0]],
    "normals":[0,0,0,-0,-1,0,-0,1,-0,0,-1,-6e-06,-0,-1,0,1e-06,-1,0,-0,-1,0,0,-1,0,0,-1,0,-0,-1,0,0,-1,0,0,-1,0,0,-1,0,0,-1,0,0,-1,0,0,-1,0,-0,-1,0,-0,-1,0,-0,-1,0,-0,-1,0,-0,-1,0,-0,-1,0,0,-1,0,-0,-1,0,0,-1,0,-0,-1,0,0,-1,0,0,-1,0,0,-1,0,-0,-1,0,0,-1,0,-0,-1,0,-0,-1,0,0,-1,0,-0,-1,0,-0,-1,0,-0,-1,0,0,-1,0,0,-1,0,-0,-1,0,0,-1,0,-0,-1,0,0,-1,0,0,-1,0,0,-1,0,-0,-1,0,0,-1,0,-0,-1,0,-0,-1,0,-0,1,-0,-0,1,-0,0,1,-0,-0,1,-0,-0,1,-0,-0,1,-0,-0,1,-0,-0,1,-0,-0,1,-0,0,1,-0,0,1,-0,0,1,-0,0,1,-0,0,1,-0,0,1,-0,-0,1,-0,0,1,-0,-0,1,-0,0,1,-0,-0,1,-0,-0,1,-0,-0,1,-0,0,1,-0,-0,1,-0,0,1,-0,0,1,-0,-0,1,-0,0,1,-0,0,1,-0,0,1,-0,-0,1,-0,-0,1,-0,0,1,-0,-0,1,-0,0,1,-0,-0,1,-0,-0,1,-0,-0,1,-0,0,1,-0,-0,1,-0,0,1,-0,0,1,-0,-0,-1,0],
    "faces":[42,7,8,6,0,0,0,0,0,0,0,43,0,3,2,1,0,1,2,3,4,1,1,1,1,43,4,5,6,8,0,5,6,7,8,2,2,2,2,42,11,10,13,0,13,9,10,3,3,3,42,13,12,14,0,10,11,0,4,4,4,42,14,9,11,0,0,12,13,5,5,5,42,13,14,11,0,10,0,13,6,6,6,43,32,33,18,16,1,14,15,16,17,7,7,7,7,43,15,17,46,19,1,0,18,19,14,8,8,8,8,43,19,46,45,20,1,0,18,19,14,9,9,9,9,43,20,45,44,21,1,0,18,19,14,10,10,10,10,43,21,44,43,22,1,0,18,19,14,11,11,11,11,43,22,43,42,23,1,0,18,19,14,12,12,12,12,43,23,42,41,24,1,0,18,19,14,13,13,13,13,43,24,41,40,25,1,0,18,19,14,14,14,14,14,43,25,40,39,26,1,0,18,19,14,15,15,15,15,43,26,39,38,27,1,0,18,19,14,16,16,16,16,43,27,38,37,28,1,0,18,19,14,17,17,17,17,43,28,37,36,29,1,0,18,19,14,18,18,18,18,43,29,36,35,30,1,0,18,19,14,19,19,19,19,43,30,35,34,31,1,0,18,19,14,20,20,20,20,43,31,34,33,32,1,0,18,19,14,21,21,21,21,43,15,47,48,17,1,0,18,19,14,22,22,22,22,43,31,50,49,30,1,20,21,19,22,23,23,23,23,43,50,52,51,49,1,23,24,25,26,24,24,24,24,43,52,54,53,51,1,27,28,29,30,25,25,25,25,43,54,56,55,53,1,19,31,32,33,26,26,26,26,43,56,58,57,55,1,34,35,36,37,27,27,27,27,43,58,60,59,57,1,38,39,19,40,28,28,28,28,43,20,62,61,19,1,41,42,43,19,29,29,29,29,43,62,79,80,61,1,44,45,46,47,30,30,30,30,43,64,66,65,63,1,48,49,14,50,31,31,31,31,43,66,68,67,65,1,51,52,53,54,32,32,32,32,43,68,69,71,67,1,55,56,57,14,33,33,33,33,43,69,72,70,71,1,58,19,59,60,34,34,34,34,43,72,74,73,70,1,14,61,62,63,35,35,35,35,43,74,76,75,73,1,64,65,66,67,36,36,36,36,43,76,78,77,75,1,68,69,70,71,37,37,37,37,43,79,64,63,80,1,72,19,73,74,38,38,38,38,43,47,81,82,48,1,75,76,77,78,39,39,39,39,43,18,84,83,16,1,19,79,0,80,40,40,40,40,43,60,86,85,59,1,19,81,82,83,41,41,41,41,43,86,88,87,85,1,84,85,14,86,42,42,42,42,43,88,90,89,87,1,87,88,14,89,43,43,43,43,43,90,92,91,89,1,14,90,91,92,44,44,44,44,43,92,94,93,91,1,93,94,14,95,45,45,45,45,43,94,96,95,93,1,18,96,14,97,46,46,46,46,43,84,98,97,83,1,14,98,18,99,47,47,47,47,43,81,99,100,82,1,19,100,101,102,48,48,48,48,43,103,104,105,120,1,14,17,16,15,49,49,49,49,43,102,107,106,101,1,0,14,19,18,50,50,50,50,43,107,108,132,106,1,0,14,19,18,51,51,51,51,43,108,109,131,132,1,0,14,19,18,52,52,52,52,43,109,110,130,131,1,0,14,19,18,53,53,53,53,43,110,111,129,130,1,0,14,19,18,54,54,54,54,43,111,112,128,129,1,0,14,19,18,55,55,55,55,43,112,113,127,128,1,0,14,19,18,56,56,56,56,43,113,114,126,127,1,0,14,19,18,57,57,57,57,43,114,115,125,126,1,0,14,19,18,58,58,58,58,43,115,116,124,125,1,0,14,19,18,59,59,59,59,43,116,117,123,124,1,0,14,19,18,60,60,60,60,43,117,118,122,123,1,0,14,19,18,61,61,61,61,43,118,119,121,122,1,0,14,19,18,62,62,62,62,43,119,103,120,121,1,0,14,19,18,63,63,63,63,43,102,101,133,134,1,0,14,19,18,64,64,64,64,43,119,118,135,136,1,20,22,19,21,65,65,65,65,43,136,135,137,138,1,23,26,25,24,66,66,66,66,43,138,137,139,140,1,27,30,29,28,67,67,67,67,43,140,139,141,142,1,19,33,32,31,68,68,68,68,43,142,141,143,144,1,34,37,36,35,69,69,69,69,43,144,143,145,146,1,38,40,19,39,70,70,70,70,43,108,107,147,148,1,41,19,43,42,71,71,71,71,43,148,147,152,151,1,44,47,46,45,72,72,72,72,43,150,149,153,154,1,48,50,14,49,73,73,73,73,43,154,153,155,156,1,51,54,53,52,74,74,74,74,43,156,155,157,160,1,55,14,57,56,75,75,75,75,43,160,157,158,159,1,58,60,59,19,76,76,76,76,43,159,158,161,162,1,14,63,62,61,77,77,77,77,43,162,161,163,164,1,64,67,66,65,78,78,78,78,43,164,163,165,166,1,68,71,70,69,79,79,79,79,43,151,152,149,150,1,72,74,73,19,80,80,80,80,43,134,133,167,168,1,75,78,77,76,81,81,81,81,43,105,104,169,170,1,19,80,0,79,82,82,82,82,43,146,145,171,172,1,19,83,82,81,83,83,83,83,43,172,171,173,174,1,84,86,14,85,84,84,84,84,43,174,173,175,176,1,87,89,14,88,85,85,85,85,43,176,175,177,178,1,14,92,91,90,86,86,86,86,43,178,177,179,180,1,93,95,14,94,87,87,87,87,43,180,179,181,182,1,18,97,14,96,88,88,88,88,43,170,169,183,184,1,19,103,0,104,89,89,89,89,43,168,167,185,186,1,19,102,101,100,90,90,90,90,43,81,47,134,168,1,76,75,75,76,0,0,0,0,43,80,63,149,152,1,74,73,73,74,0,0,0,0,43,34,35,122,121,1,19,18,18,19,0,0,0,0,43,99,81,168,186,1,0,0,0,0,0,0,0,0,43,48,82,167,133,1,78,77,77,78,0,0,0,0,43,47,15,102,134,1,18,0,0,18,0,0,0,0,43,35,36,123,122,1,19,18,18,19,0,0,0,0,43,82,100,185,167,1,102,101,101,102,0,0,0,0,43,66,64,150,154,1,49,48,48,49,0,0,0,0,43,17,48,133,101,1,14,19,19,14,0,0,0,0,43,36,37,124,123,1,19,18,18,19,0,0,0,0,43,84,18,105,170,1,79,19,19,79,0,0,0,0,43,63,65,153,149,1,50,14,14,50,0,0,0,0,43,37,38,125,124,1,19,18,18,19,0,0,0,0,43,16,83,169,104,1,80,0,0,80,0,0,0,0,43,50,31,119,136,1,21,20,20,21,0,0,0,0,43,38,39,126,125,1,19,18,18,19,0,0,0,0,43,68,66,154,156,1,52,51,51,52,0,0,0,0,43,30,49,135,118,1,22,19,19,22,0,0,0,0,43,39,40,127,126,1,19,18,18,19,0,0,0,0,43,86,60,146,172,1,81,19,19,81,0,0,0,0,43,65,67,155,153,1,54,53,53,54,0,0,0,0,43,40,41,128,127,1,19,18,18,19,0,0,0,0,43,59,85,171,145,1,83,82,82,83,0,0,0,0,43,71,70,158,157,1,60,59,59,60,0,0,0,0,43,52,50,136,138,1,24,23,23,24,0,0,0,0,43,41,42,129,128,1,19,18,18,19,0,0,0,0,43,32,16,104,103,1,14,17,17,14,0,0,0,0,43,72,69,160,159,1,19,58,58,19,0,0,0,0,43,49,51,137,135,1,26,25,25,26,0,0,0,0,43,42,43,130,129,1,19,18,18,19,0,0,0,0,43,88,86,172,174,1,85,84,84,85,0,0,0,0,43,69,68,156,160,1,56,55,55,56,0,0,0,0,43,43,44,131,130,1,19,18,18,19,0,0,0,0,43,46,17,101,106,1,19,18,18,19,0,0,0,0,43,85,87,173,171,1,86,14,14,86,0,0,0,0,43,67,71,157,155,1,14,57,57,14,0,0,0,0,43,54,52,138,140,1,28,27,27,28,0,0,0,0,43,44,45,132,131,1,19,18,18,19,0,0,0,0,43,15,19,107,102,1,0,14,14,0,0,0,0,0,43,51,53,139,137,1,30,29,29,30,0,0,0,0,43,45,46,106,132,1,19,18,18,19,0,0,0,0,43,90,88,174,176,1,88,87,87,88,0,0,0,0,43,20,21,109,108,1,0,14,14,0,0,0,0,0,43,87,89,175,173,1,89,14,14,89,0,0,0,0,43,56,54,140,142,1,31,19,19,31,0,0,0,0,43,21,22,110,109,1,0,14,14,0,0,0,0,0,43,74,72,159,162,1,61,14,14,61,0,0,0,0,43,53,55,141,139,1,33,32,32,33,0,0,0,0,43,22,23,111,110,1,0,14,14,0,0,0,0,0,43,92,90,176,178,1,90,14,14,90,0,0,0,0,43,70,73,161,158,1,63,62,62,63,0,0,0,0,43,23,24,112,111,1,0,14,14,0,0,0,0,0,43,89,91,177,175,1,92,91,91,92,0,0,0,0,43,58,56,142,144,1,35,34,34,35,0,0,0,0,43,24,25,113,112,1,0,14,14,0,0,0,0,0,43,76,74,162,164,1,65,64,64,65,0,0,0,0,43,