{
    "metadata":{
        "faces":6,
        "type":"Geometry",
        "vertices":14,
        "materials":0,
        "version":3,
        "uvs":0,
        "colors":0,
        "normals":6,
        "generator":"io_three"
    },
    "faces":[35,0,1,3,2,0,0,0,0,0,35,1,0,4,5,0,1,1,1,1,35,5,4,6,7,0,2,2,2,2,35,7,6,8,9,0,3,3,3,3,35,9,8,10,11,0,4,4,4,4,35,11,10,12,13,0,5,5,5,5],
    "uvs":[],
    "normals":[0,-1,0,0,-1,0,0,-1,0,0,-1,0,0,-1,0,0,-1,0],
    "colors":[],
    "vertices":[1.69756,0.061485,5.99613,1.33002,0.061485,5.99613,2.20279,0.061485,-4.2543,1.83526,0.061485,-4.2543,1.78809,0.061485,7.47904,1.42055,0.061485,7.47904,2.88013,0.061485,8.74934,2.5126,0.061485,8.74934,6.26847,0.061485,9.99507,5.90094,0.061485,9.99507,6.49251,0.061486,10.8827,6.12497,0.061486,10.8827,8.76751,0.061486,11.0417,8.39998,0.061486,11.0417],
    "materials":[]
}